Workbook

Sheet Introduction
H2: Excel Skills for Business: Advanced
H4: Week 3: Data Cleaning and Preparation
I6: Final Assessment
A10: Week 3: Learning Objectives
B12: Use the following functionalities in Excel for Data Cleaning and Preparation: Fix dates with the help of functions Replace blanks with repeating values Remove unwanted spaces and characters from data

Sheet Data
A1: Question | C1: 1 | D1: 2 | E1: 3 | F1: 6 | G1: 7 | H1: 8 | J1: 9 | L1: 10 | M1: 11 | O1: 12 | P1: 13 | Q1: 14 | R1: 15 | S1: 16 | T1: 17 | U1: 18 | V1: 19
A2: Check Sum | B2: =Check_Sum -> 0 | D2: =Check_Sum -> 0 | F2: =Check_Sum -> 0 | G2: =Check_Sum -> 0 | H2: =Check_Sum -> 0 | I2: =Check_Sum -> 0 | J2: =Normal_Sum -> 15186 | K2: =Normal_Sum -> 25440 | L2: =Check_Sum -> 0 | M2: =Check_Sum -> 0 | N2: =Check_Sum -> 0 | O2: =Normal_Sum -> 3348 | P2: =Normal_Sum -> 6448 | Q2: =Normal_Sum -> 10768 | R2: =Check_Sum_Short -> 0 | S2: =Check_Sum_Short -> 0 | T2: =Check_Sum_Short -> 0 | U2: =Normal_Sum -> 441522 | V2: =Check_Sum_Short -> 0
A3: Workings | C3: =COUNTIFS(C5:C500,30) -> 126 | E3: =COUNTIFS(E5:E500,32) -> 496 | N3: Final clean record | O3: 1st space | P3: 2nd space | Q3: 3rd space | R3: Product | S3: Sales person | T3: Date (text) | U3: Amount | V3: Date (value)
A4: # | B4: Record
A5: 1 | B5: /PR:Games____SP:Barney20171027 $1250 _x001f_ | C5: =CODE(RIGHT(B5,1)) -> 31 | D5: =CLEAN(B5) -> /PR:Games____SP:Barney20171027 $1250 | E5: =CODE(RIGHT(D5,1)) -> 32 | F5: =SUBSTITUTE(D5,_xlfn.UNICHAR(160)," ") -> /PR:Games____SP:Barney20171027 $1250 | G5: =SUBSTITUTE(F5,"/","") -> PR:Games____SP:Barney20171027 $1250 | H5: =SUBSTITUTE(G5,"_"," ") -> PR:Games SP:Barney20171027 $1250 | I5: =TRIM(H5) -> PR:Games SP:Barney20171027 $1250 | J5: =LEN(I5) -> 32 | K5: =CODE(RIGHT(I5,1)) -> 48 | L5: =SUBSTITUTE(I5,"PR:","") -> Games SP:Barney20171027 $1250 | M5: =SUBSTITUTE(L5,"SP:","") -> Games Barney20171027 $1250 | N5: =SUBSTITUTE(M5,"201710"," 201710") -> Games Barney 20171027 $1250 | O5: =FIND(" ",N5) -> 6 | P5: =FIND(" ",N5,O5+1) -> 13 | Q5: =FIND(" ",N5,P5+1) -> 22 | R5: =LEFT(N5,O5-1) -> Games | S5: =MID(N5,O5+1,P5-O5-1) -> Barney | T5: =MID(N5,P5+1,Q5-P5-1) -> 20171027 | U5: =VALUE(MID(N5,Q5+2,90)) -> 1250 | V5: =DATE(2017,10,MID(T5,7,2)) -> 43035
A6: =A5+1 -> 2 | B6: ////PR:Music_SP:David20171020 $1054 _x001e_ | C6: =CODE(RIGHT(B6,1)) -> 30 | D6: =CLEAN(B6) -> ////PR:Music_SP:David20171020 $1054 | E6: =CODE(RIGHT(D6,1)) -> 32 | F6: =SUBSTITUTE(D6,_xlfn.UNICHAR(160)," ") -> ////PR:Music_SP:David20171020 $1054 | G6: =SUBSTITUTE(F6,"/","") -> PR:Music_SP:David20171020 $1054 | H6: =SUBSTITUTE(G6,"_"," ") -> PR:Music SP:David20171020 $1054 | I6: =TRIM(H6) -> PR:Music SP:David20171020 $1054 | J6: =LEN(I6) -> 31 | K6: =CODE(RIGHT(I6,1)) -> 52 | L6: =SUBSTITUTE(I6,"PR:","") -> Music SP:David20171020 $1054 | M6: =SUBSTITUTE(L6,"SP:","") -> Music David20171020 $1054 | N6: =SUBSTITUTE(M6,"201710"," 201710") -> Music David 20171020 $1054 | O6: =FIND(" ",N6) -> 6 | P6: =FIND(" ",N6,O6+1) -> 12 | Q6: =FIND(" ",N6,P6+1) -> 21 | R6: =LEFT(N6,O6-1) -> Music | S6: =MID(N6,O6+1,P6-O6-1) -> David | T6: =MID(N6,P6+1,Q6-P6-1) -> 20171020 | U6: =VALUE(MID(N6,Q6+2,90)) -> 1054 | V6: =DATE(2017,10,MID(T6,7,2)) -> 43028
A7: =A6+1 -> 3 | B7: //PR:Books__SP:Barney20171027 $699 _x001c_ | C7: =CODE(RIGHT(B7,1)) -> 28 | D7: =CLEAN(B7) -> //PR:Books__SP:Barney20171027 $699 | E7: =CODE(RIGHT(D7,1)) -> 32 | F7: =SUBSTITUTE(D7,_xlfn.UNICHAR(160)," ") -> //PR:Books__SP:Barney20171027 $699 | G7: =SUBSTITUTE(F7,"/","") -> PR:Books__SP:Barney20171027 $699 | H7: =SUBSTITUTE(G7,"_"," ") -> PR:Books SP:Barney20171027 $699 | I7: =TRIM(H7) -> PR:Books SP:Barney20171027 $699 | J7: =LEN(I7) -> 31 | K7: =CODE(RIGHT(I7,1)) -> 57 | L7: =SUBSTITUTE(I7,"PR:","") -> Books SP:Barney20171027 $699 | M7: =SUBSTITUTE(L7,"SP:","") -> Books Barney20171027 $699 | N7: =SUBSTITUTE(M7,"201710"," 201710") -> Books Barney 20171027 $699 | O7: =FIND(" ",N7) -> 6 | P7: =FIND(" ",N7,O7+1) -> 13 | Q7: =FIND(" ",N7,P7+1) -> 22 | R7: =LEFT(N7,O7-1) -> Books | S7: =MID(N7,O7+1,P7-O7-1) -> Barney | T7: =MID(N7,P7+1,Q7-P7-1) -> 20171027 | U7: =VALUE(MID(N7,Q7+2,90)) -> 699 | V7: =DATE(2017,10,MID(T7,7,2)) -> 43035
A8: =A7+1 -> 4 | B8: /PR:Music___SP:Carol20171031 $1305 _x001c_ | C8: =CODE(RIGHT(B8,1)) -> 28 | D8: =CLEAN(B8) -> /PR:Music___SP:Carol20171031 $1305 | E8: =CODE(RIGHT(D8,1)) -> 32 | F8: =SUBSTITUTE(D8,_xlfn.UNICHAR(160)," ") -> /PR:Music___SP:Carol20171031 $1305 | G8: =SUBSTITUTE(F8,"/","") -> PR:Music___SP:Carol20171031 $1305 | H8: =SUBSTITUTE(G8,"_"," ") -> PR:Music SP:Carol20171031 $1305 | I8: =TRIM(H8) -> PR:Music SP:Carol20171031 $1305 | J8: =LEN(I8) -> 31 | K8: =CODE(RIGHT(I8,1)) -> 53 | L8: =SUBSTITUTE(I8,"PR:","") -> Music SP:Carol20171031 $1305 | M8: =SUBSTITUTE(L8,"SP:","") -> Music Carol20171031 $1305 | N8: =SUBSTITUTE(M8,"201710"," 201710") -> Music Carol 20171031 $1305 | O8: =FIND(" ",N8) -> 6 | P8: =FIND(" ",N8,O8+1) -> 12 | Q8: =FIND(" ",N8,P8+1) -> 21 | R8: =LEFT(N8,O8-1) -> Music | S8: =MID(N8,O8+1,P8-O8-1) -> Carol | T8: =MID(N8,P8+1,Q8-P8-1) -> 20171031 | U8: =VALUE(MID(N8,Q8+2,90)) -> 1305 | V8: =DATE(2017,10,MID(T8,7,2)) -> 43039
A9: =A8+1 -> 5 | B9: //PR:Games__SP:David20171027 $0 _x001d_ | C9: =CODE(RIGHT(B9,1)) -> 29 | D9: =CLEAN(B9) -> //PR:Games__SP:David20171027 $0 | E9: =CODE(RIGHT(D9,1)) -> 32 | F9: =SUBSTITUTE(D9,_xlfn.UNICHAR(160)," ") -> //PR:Games__SP:David20171027 $0 | G9: =SUBSTITUTE(F9,"/","") -> PR:Games__SP:David20171027 $0 | H9: =SUBSTITUTE(G9,"_"," ") -> PR:Games SP:David20171027 $0 | I9: =TRIM(H9) -> PR:Games SP:David20171027 $0 | J9: =LEN(I9) -> 28 | K9: =CODE(RIGHT(I9,1)) -> 48 | L9: =SUBSTITUTE(I9,"PR:","") -> Games SP:David20171027 $0 | M9: =SUBSTITUTE(L9,"SP:","") -> Games David20171027 $0 | N9: =SUBSTITUTE(M9,"201710"," 201710") -> Games David 20171027 $0 | O9: =FIND(" ",N9) -> 6 | P9: =FIND(" ",N9,O9+1) -> 12 | Q9: =FIND(" ",N9,P9+1) -> 21 | R9: =LEFT(N9,O9-1) -> Games | S9: =MID(N9,O9+1,P9-O9-1) -> David | T9: =MID(N9,P9+1,Q9-P9-1) -> 20171027 | U9: =VALUE(MID(N9,Q9+2,90)) -> 0 | V9: =DATE(2017,10,MID(T9,7,2)) -> 43035
A10: =A9+1 -> 6 | B10: //PR:Books___SP:Barney20171026 $740 _x001d_ | C10: =CODE(RIGHT(B10,1)) -> 29 | D10: =CLEAN(B10) -> //PR:Books___SP:Barney20171026 $740 | E10: =CODE(RIGHT(D10,1)) -> 32 | F10: =SUBSTITUTE(D10,_xlfn.UNICHAR(160)," ") -> //PR:Books___SP:Barney20171026 $740 | G10: =SUBSTITUTE(F10,"/","") -> PR:Books___SP:Barney20171026 $740 | H10: =SUBSTITUTE(G10,"_"," ") -> PR:Books SP:Barney20171026 $740 | I10: =TRIM(H10) -> PR:Books SP:Barney20171026 $740 | J10: =LEN(I10) -> 31 | K10: =CODE(RIGHT(I10,1)) -> 48 | L10: =SUBSTITUTE(I10,"PR:","") -> Books SP:Barney20171026 $740 | M10: =SUBSTITUTE(L10,"SP:","") -> Books Barney20171026 $740 | N10: =SUBSTITUTE(M10,"201710"," 201710") -> Books Barney 20171026 $740 | O10: =FIND(" ",N10) -> 6 | P10: =FIND(" ",N10,O10+1) -> 13 | Q10: =FIND(" ",N10,P10+1) -> 22 | R10: =LEFT(N10,O10-1) -> Books | S10: =MID(N10,O10+1,P10-O10-1) -> Barney | T10: =MID(N10,P10+1,Q10-P10-1) -> 20171026 | U10: =VALUE(MID(N10,Q10+2,90)) -> 740 | V10: =DATE(2017,10,MID(T10,7,2)) -> 43034
A11: =A10+1 -> 7 | B11: ////PR:Clothing__SP:David20171011 $811 _x001f_ | C11: =CODE(RIGHT(B11,1)) -> 31 | D11: =CLEAN(B11) -> ////PR:Clothing__SP:David20171011 $811 | E11: =CODE(RIGHT(D11,1)) -> 32 | F11: =SUBSTITUTE(D11,_xlfn.UNICHAR(160)," ") -> ////PR:Clothing__SP:David20171011 $811 | G11: =SUBSTITUTE(F11,"/","") -> PR:Clothing__SP:David20171011 $811 | H11: =SUBSTITUTE(G11,"_"," ") -> PR:Clothing SP:David20171011 $811 | I11: =TRIM(H11) -> PR:Clothing SP:David20171011 $811 | J11: =LEN(I11) -> 33 | K11: =CODE(RIGHT(I11,1)) -> 49 | L11: =SUBSTITUTE(I11,"PR:","") -> Clothing SP:David20171011 $811 | M11: =SUBSTITUTE(L11,"SP:","") -> Clothing David20171011 $811 | N11: =SUBSTITUTE(M11,"201710"," 201710") -> Clothing David 20171011 $811 | O11: =FIND(" ",N11) -> 9 | P11: =FIND(" ",N11,O11+1) -> 15 | Q11: =FIND(" ",N11,P11+1) -> 24 | R11: =LEFT(N11,O11-1) -> Clothing | S11: =MID(N11,O11+1,P11-O11-1) -> David | T11: =MID(N11,P11+1,Q11-P11-1) -> 20171011 | U11: =VALUE(MID(N11,Q11+2,90)) -> 811 | V11: =DATE(2017,10,MID(T11,7,2)) -> 43019
A12: =A11+1 -> 8 | B12: /////PR:Clothing_____SP:David20171029 $1175 _x001d_ | C12: =CODE(RIGHT(B12,1)) -> 29 | D12: =CLEAN(B12) -> /////PR:Clothing_____SP:David20171029 $1175 | E12: =CODE(RIGHT(D12,1)) -> 32 | F12: =SUBSTITUTE(D12,_xlfn.UNICHAR(160)," ") -> /////PR:Clothing_____SP:David20171029 $1175 | G12: =SUBSTITUTE(F12,"/","") -> PR:Clothing_____SP:David20171029 $1175 | H12: =SUBSTITUTE(G12,"_"," ") -> PR:Clothing SP:David20171029 $1175 | I12: =TRIM(H12) -> PR:Clothing SP:David20171029 $1175 | J12: =LEN(I12) -> 34 | K12: =CODE(RIGHT(I12,1)) -> 53 | L12: =SUBSTITUTE(I12,"PR:","") -> Clothing SP:David20171029 $1175 | M12: =SUBSTITUTE(L12,"SP:","") -> Clothing David20171029 $1175 | N12: =SUBSTITUTE(M12,"201710"," 201710") -> Clothing David 20171029 $1175 | O12: =FIND(" ",N12) -> 9 | P12: =FIND(" ",N12,O12+1) -> 15 | Q12: =FIND(" ",N12,P12+1) -> 24 | R12: =LEFT(N12,O12-1) -> Clothing | S12: =MID(N12,O12+1,P12-O12-1) -> David | T12: =MID(N12,P12+1,Q12-P12-1) -> 20171029 | U12: =VALUE(MID(N12,Q12+2,90)) -> 1175 | V12: =DATE(2017,10,MID(T12,7,2)) -> 43037
A13: =A12+1 -> 9 | B13: ////PR:Books____SP:Alice20171013 $586 _x001e_ | C13: =CODE(RIGHT(B13,1)) -> 30 | D13: =CLEAN(B13) -> ////PR:Books____SP:Alice20171013 $586 | E13: =CODE(RIGHT(D13,1)) -> 32 | F13: =SUBSTITUTE(D13,_xlfn.UNICHAR(160)," ") -> ////PR:Books____SP:Alice20171013 $586 | G13: =SUBSTITUTE(F13,"/","") -> PR:Books____SP:Alice20171013 $586 | H13: =SUBSTITUTE(G13,"_"," ") -> PR:Books SP:Alice20171013 $586 | I13: =TRIM(H13) -> PR:Books SP:Alice20171013 $586 | J13: =LEN(I13) -> 30 | K13: =CODE(RIGHT(I13,1)) -> 54 | L13: =SUBSTITUTE(I13,"PR:","") -> Books SP:Alice20171013 $586 | M13: =SUBSTITUTE(L13,"SP:","") -> Books Alice20171013 $586 | N13: =SUBSTITUTE(M13,"201710"," 201710") -> Books Alice 20171013 $586 | O13: =FIND(" ",N13) -> 6 | P13: =FIND(" ",N13,O13+1) -> 12 | Q13: =FIND(" ",N13,P13+1) -> 21 | R13: =LEFT(N13,O13-1) -> Books | S13: =MID(N13,O13+1,P13-O13-1) -> Alice | T13: =MID(N13,P13+1,Q13-P13-1) -> 20171013 | U13: =VALUE(MID(N13,Q13+2,90)) -> 586 | V13: =DATE(2017,10,MID(T13,7,2)) -> 43021
A14: =A13+1 -> 10 | B14: ////PR:Music__SP:David20171015 $1202 _x001d_ | C14: =CODE(RIGHT(B14,1)) -> 29 | D14: =CLEAN(B14) -> ////PR:Music__SP:David20171015 $1202 | E14: =CODE(RIGHT(D14,1)) -> 32 | F14: =SUBSTITUTE(D14,_xlfn.UNICHAR(160)," ") -> ////PR:Music__SP:David20171015 $1202 | G14: =SUBSTITUTE(F14,"/","") -> PR:Music__SP:David20171015 $1202 | H14: =SUBSTITUTE(G14,"_"," ") -> PR:Music SP:David20171015 $1202 | I14: =TRIM(H14) -> PR:Music SP:David20171015 $1202 | J14: =LEN(I14) -> 31 | K14: =CODE(RIGHT(I14,1)) -> 50 | L14: =SUBSTITUTE(I14,"PR:","") -> Music SP:David20171015 $1202 | M14: =SUBSTITUTE(L14,"SP:","") -> Music David20171015 $1202 | N14: =SUBSTITUTE(M14,"201710"," 201710") -> Music David 20171015 $1202 | O14: =FIND(" ",N14) -> 6 | P14: =FIND(" ",N14,O14+1) -> 12 | Q14: =FIND(" ",N14,P14+1) -> 21 | R14: =LEFT(N14,O14-1) -> Music | S14: =MID(N14,O14+1,P14-O14-1) -> David | T14: =MID(N14,P14+1,Q14-P14-1) -> 20171015 | U14: =VALUE(MID(N14,Q14+2,90)) -> 1202 | V14: =DATE(2017,10,MID(T14,7,2)) -> 43023
A15: =A14+1 -> 11 | B15: /////PR:Games___SP:David20171022 $0 _x001e_ | C15: =CODE(RIGHT(B15,1)) -> 30 | D15: =CLEAN(B15) -> /////PR:Games___SP:David20171022 $0 | E15: =CODE(RIGHT(D15,1)) -> 32 | F15: =SUBSTITUTE(D15,_xlfn.UNICHAR(160)," ") -> /////PR:Games___SP:David20171022 $0 | G15: =SUBSTITUTE(F15,"/","") -> PR:Games___SP:David20171022 $0 | H15: =SUBSTITUTE(G15,"_"," ") -> PR:Games SP:David20171022 $0 | I15: =TRIM(H15) -> PR:Games SP:David20171022 $0 | J15: =LEN(I15) -> 28 | K15: =CODE(RIGHT(I15,1)) -> 48 | L15: =SUBSTITUTE(I15,"PR:","") -> Games SP:David20171022 $0 | M15: =SUBSTITUTE(L15,"SP:","") -> Games David20171022 $0 | N15: =SUBSTITUTE(M15,"201710"," 201710") -> Games David 20171022 $0 | O15: =FIND(" ",N15) -> 6 | P15: =FIND(" ",N15,O15+1) -> 12 | Q15: =FIND(" ",N15,P15+1) -> 21 | R15: =LEFT(N15,O15-1) -> Games | S15: =MID(N15,O15+1,P15-O15-1) -> David | T15: =MID(N15,P15+1,Q15-P15-1) -> 20171022 | U15: =VALUE(MID(N15,Q15+2,90)) -> 0 | V15: =DATE(2017,10,MID(T15,7,2)) -> 43030
A16: =A15+1 -> 12 | B16: /////PR:Books_____SP:Alice2017101 $597 _x001e_ | C16: =CODE(RIGHT(B16,1)) -> 30 | D16: =CLEAN(B16) -> /////PR:Books_____SP:Alice2017101 $597 | E16: =CODE(RIGHT(D16,1)) -> 32 | F16: =SUBSTITUTE(D16,_xlfn.UNICHAR(160)," ") -> /////PR:Books_____SP:Alice2017101 $597 | G16: =SUBSTITUTE(F16,"/","") -> PR:Books_____SP:Alice2017101 $597 | H16: =SUBSTITUTE(G16,"_"," ") -> PR:Books SP:Alice2017101 $597 | I16: =TRIM(H16) -> PR:Books SP:Alice2017101 $597 | J16: =LEN(I16) -> 29 | K16: =CODE(RIGHT(I16,1)) -> 55 | L16: =SUBSTITUTE(I16,"PR:","") -> Books SP:Alice2017101 $597 | M16: =SUBSTITUTE(L16,"SP:","") -> Books Alice2017101 $597 | N16: =SUBSTITUTE(M16,"201710"," 201710") -> Books Alice 2017101 $597 | O16: =FIND(" ",N16) -> 6 | P16: =FIND(" ",N16,O16+1) -> 12 | Q16: =FIND(" ",N16,P16+1) -> 20 | R16: =LEFT(N16,O16-1) -> Books | S16: =MID(N16,O16+1,P16-O16-1) -> Alice | T16: =MID(N16,P16+1,Q16-P16-1) -> 2017101 | U16: =VALUE(MID(N16,Q16+2,90)) -> 597 | V16: =DATE(2017,10,MID(T16,7,2)) -> 43009
A17: =A16+1 -> 13 | B17: /////PR:Music__SP:Alice20171031 $1142 _x001d_ | C17: =CODE(RIGHT(B17,1)) -> 29 | D17: =CLEAN(B17) -> /////PR:Music__SP:Alice20171031 $1142 | E17: =CODE(RIGHT(D17,1)) -> 32 | F17: =SUBSTITUTE(D17,_xlfn.UNICHAR(160)," ") -> /////PR:Music__SP:Alice20171031 $1142 | G17: =SUBSTITUTE(F17,"/","") -> PR:Music__SP:Alice20171031 $1142 | H17: =SUBSTITUTE(G17,"_"," ") -> PR:Music SP:Alice20171031 $1142 | I17: =TRIM(H17) -> PR:Music SP:Alice20171031 $1142 | J17: =LEN(I17) -> 31 | K17: =CODE(RIGHT(I17,1)) -> 50 | L17: =SUBSTITUTE(I17,"PR:","") -> Music SP:Alice20171031 $1142 | M17: =SUBSTITUTE(L17,"SP:","") -> Music Alice20171031 $1142 | N17: =SUBSTITUTE(M17,"201710"," 201710") -> Music Alice 20171031 $1142 | O17: =FIND(" ",N17) -> 6 | P17: =FIND(" ",N17,O17+1) -> 12 | Q17: =FIND(" ",N17,P17+1) -> 21 | R17: =LEFT(N17,O17-1) -> Music | S17: =MID(N17,O17+1,P17-O17-1) -> Alice | T17: =MID(N17,P17+1,Q17-P17-1) -> 20171031 | U17: =VALUE(MID(N17,Q17+2,90)) -> 1142 | V17: =DATE(2017,10,MID(T17,7,2)) -> 43039
... A500: =A499+1 -> 496 | B500: /PR:Music__SP:Alice2017106 $1010 _x001c_ | C500: =CODE(RIGHT(B500,1)) -> 28 | D500: =CLEAN(B500) -> /PR:Music__SP:Alice2017106 $1010 | E500: =CODE(RIGHT(D500,1)) -> 32 | F500: =SUBSTITUTE(D500,_xlfn.UNICHAR(160)," ") -> /PR:Music__SP:Alice2017106 $1010 | G500: =SUBSTITUTE(F500,"/","") -> PR:Music__SP:Alice2017106 $1010 | H500: =SUBSTITUTE(G500,"_"," ") -> PR:Music SP:Alice2017106 $1010 | I500: =TRIM(H500) -> PR:Music SP:Alice2017106 $1010 | J500: =LEN(I500) -> 30 | K500: =CODE(RIGHT(I500,1)) -> 48 | L500: =SUBSTITUTE(I500,"PR:","") -> Music SP:Alice2017106 $1010 | M500: =SUBSTITUTE(L500,"SP:","") -> Music Alice2017106 $1010 | N500: =SUBSTITUTE(M500,"201710"," 201710") -> Music Alice 2017106 $1010 | O500: =FIND(" ",N500) -> 6 | P500: =FIND(" ",N500,O500+1) -> 12 | Q500: =FIND(" ",N500,P500+1) -> 20 | R500: =LEFT(N500,O500-1) -> Music | S500: =MID(N500,O500+1,P500-O500-1) -> Alice | T500: =MID(N500,P500+1,Q500-P500-1) -> 2017106 | U500: =VALUE(MID(N500,Q500+2,90)) -> 1010 | V500: =DATE(2017,10,MID(T500,7,2)) -> 43014

Sheet Clean
A4: # | B4: Product | C4: Sales Person | D4: Sales Amount ($) | E4: Date
A5: 1 | B5: =Data!R5 -> Games | C5: =Data!S5 -> Barney | D5: =Data!U5 -> 1250 | E5: =Data!V5 -> 43035
A6: =A5+1 -> 2 | B6: =Data!R6 -> Music | C6: =Data!S6 -> David | D6: =Data!U6 -> 1054 | E6: =Data!V6 -> 43028
A7: =A6+1 -> 3 | B7: =Data!R7 -> Books | C7: =Data!S7 -> Barney | D7: =Data!U7 -> 699 | E7: =Data!V7 -> 43035
A8: =A7+1 -> 4 | B8: =Data!R8 -> Music | C8: =Data!S8 -> Carol | D8: =Data!U8 -> 1305 | E8: =Data!V8 -> 43039
A9: =A8+1 -> 5 | B9: =Data!R9 -> Games | C9: =Data!S9 -> David | D9: =Data!U9 -> 0 | E9: =Data!V9 -> 43035
A10: =A9+1 -> 6 | B10: =Data!R10 -> Books | C10: =Data!S10 -> Barney | D10: =Data!U10 -> 740 | E10: =Data!V10 -> 43034
A11: =A10+1 -> 7 | B11: =Data!R11 -> Clothing | C11: =Data!S11 -> David | D11: =Data!U11 -> 811 | E11: =Data!V11 -> 43019
A12: =A11+1 -> 8 | B12: =Data!R12 -> Clothing | C12: =Data!S12 -> David | D12: =Data!U12 -> 1175 | E12: =Data!V12 -> 43037
A13: =A12+1 -> 9 | B13: =Data!R13 -> Books | C13: =Data!S13 -> Alice | D13: =Data!U13 -> 586 | E13: =Data!V13 -> 43021
A14: =A13+1 -> 10 | B14: =Data!R14 -> Music | C14: =Data!S14 -> David | D14: =Data!U14 -> 1202 | E14: =Data!V14 -> 43023
A15: =A14+1 -> 11 | B15: =Data!R15 -> Games | C15: =Data!S15 -> David | D15: =Data!U15 -> 0 | E15: =Data!V15 -> 43030
A16: =A15+1 -> 12 | B16: =Data!R16 -> Books | C16: =Data!S16 -> Alice | D16: =Data!U16 -> 597 | E16: =Data!V16 -> 43009
A17: =A16+1 -> 13 | B17: =Data!R17 -> Music | C17: =Data!S17 -> Alice | D17: =Data!U17 -> 1142 | E17: =Data!V17 -> 43039
... A500: =A499+1 -> 496 | B500: =Data!R500 -> Music | C500: =Data!S500 -> Alice | D500: =Data!U500 -> 1010 | E500: =Data!V500 -> 43014
